<?xml version="1.0" encoding="utf-8"?>
<odoo>
        <record id="hr_payroll.hr_employee_payroll" model="hr.employee">
            <field name="address_home_id" ref="base.res_partner_main2"/>
        </record>

        <record id="demo_account" model="account.account">
            <field name="name">Account Payslip Houserental</field>
            <field name="code">123456</field>
            <field name="account_type">liability_payable</field>
            <field name="reconcile" eval="True"/>
        </record>

        <record id="hr_payroll.hr_salary_rule_houserentallowance1" model="hr.salary.rule">
            <field name="account_debit" ref="demo_account"/>
            <field name="account_credit" ref="demo_account"/>
        </record>

        <record id="hr_payroll.structure_003" model="hr.payroll.structure">
            <field name="journal_id" ref="hr_payroll_account.hr_payroll_account_journal"/>
        </record>
</odoo>
