<?xml version="1.0" encoding="utf-8"?>
<odoo>
    <record id="account_reports.profit_and_loss" model="account.report">
        <field name="filter_cash_basis" eval="True"/>
    </record>

    <record id="account_reports.balance_sheet" model="account.report">
        <field name="filter_cash_basis" eval="True"/>
    </record>

    <record id="account_reports.executive_summary" model="account.report">
        <field name="filter_cash_basis" eval="True"/>
    </record>

    <record id="account_reports.general_ledger_report" model="account.report">
        <field name="filter_cash_basis" eval="True"/>
    </record>

    <record id="account_reports.trial_balance_report" model="account.report">
        <field name="filter_cash_basis" eval="True"/>
    </record>
</odoo>
